{
  "TBS": {"zoom": 13, "bearing": -80 },
  "LED": {"bearing": -80 },
  "AMS": {"center": [4.894366319835541, 52.373882290606815], "zoom": 12, "bearing": 10}
}